first_name,last_name,email,address,postal_code,city,paid,created,updated,stripe_id
John,Doe,john.doe@example.com,"123 Main St","12345","New York",True,2025-07-01 10:00:00,2025-07-01 10:00:00,pi_test_123456
Jane,Smith,jane.smith@example.com,"456 Elm St","67890","Los Angeles",False,2025-07-02 12:30:00,2025-07-02 12:30:00,
Alice,Johnson,alice.j@example.com,"789 Oak Ave","54321","Chicago",True,2025-07-03 09:15:00,2025-07-03 09:15:00,pi_test_789012
Bob,Williams,bob.w@example.com,"321 Pine Rd","98765","Houston",False,2025-07-04 14:20:00,2025-07-04 14:20:00,
Carol,Brown,carol.brown@example.com,"654 Cedar Ln","13579","Phoenix",True,2025-07-05 11:45:00,2025-07-05 11:45:00,pi_test_345678
David,Wilson,david.w@example.com,"987 Birch St","24680","Miami",False,2025-07-06 16:10:00,2025-07-06 16:10:00,
Emma,Moore,emma.moore@example.com,"147 Maple Dr","97531","Seattle",True,2025-07-07 08:50:00,2025-07-07 08:50:00,pi_test_901234
Frank,Taylor,frank.t@example.com,"258 Willow Ct","86420","Denver",False,2025-07-08 13:25:00,2025-07-08 13:25:00,
Grace,Martin,grace.m@example.com,"369 Spruce Way","75319","Boston",True,2025-07-09 10:30:00,2025-07-09 10:30:00,pi_test_567890
Henry,Lee,henry.lee@example.com,"741 Oakwood Blvd","64208","Austin",False,2025-07-10 15:40:00,2025-07-10 15:40:00,
Isabella,Clark,isabella.c@example.com,"852 Elmwood Ave","53197","Portland",True,2025-07-11 09:00:00,2025-07-11 09:00:00,pi_test_123789
James,Walker,james.w@example.com,"963 Pinecrest Dr","42086","San Francisco",False,2025-07-12 12:15:00,2025-07-12 12:15:00,
Kelly,Hall,kelly.hall@example.com,"159 Cedarstone Rd","31975","Dallas",True,2025-07-13 14:50:00,2025-07-13 14:50:00,pi_test_456123
Liam,Allen,liam.allen@example.com,"267 Birchwood Ln","20864","Atlanta",False,2025-07-14 11:20:00,2025-07-14 11:20:00,
Mia,Lewis,mia.lewis@example.com,"378 Maplewood Ct","19753","San Diego",True,2025-07-15 16:35:00,2025-07-15 16:35:00,pi_test_789456
Noah,Hill,noah.hill@example.com,"489 Willowstone St","08642","Philadelphia",False,2025-07-16 10:10:00,2025-07-16 10:10:00,
Olivia,Green,olivia.g@example.com,"591 Oakstone Dr","97531","Las Vegas",True,2025-07-17 13:45:00,2025-07-17 13:45:00,pi_test_234567
Peter,King,peter.king@example.com,"602 Elmstone Way","86420","Orlando",False,2025-07-18 15:00:00,2025-07-18 15:00:00,
Quinn,Scott,quinn.scott@example.com,"713 Cedarcrest Ave","75319","Charlotte",True,2025-07-19 09:25:00,2025-07-19 09:25:00,pi_test_890123
Rachel,Baker,rachel.b@example.com,"824 Pinewood Blvd","64208","Minneapolis",False,2025-07-20 12:40:00,2025-07-20 12:40:00,