first_name,last_name,email,address,postal_code,city,paid,created,updated,stripe_id
John,Doe,john.doe1@example.com,"123 Main St","12345","New York",True,2025-08-01 08:00:00,2025-08-01 08:00:00,pi_test_100001
Jane,Smith,jane.smith2@example.com,"456 Elm St","67890","Los Angeles",False,2025-08-01 09:15:00,2025-08-01 09:15:00,
Alice,Johnson,alice.j3@example.com,"789 Oak Ave","54321","Chicago",True,2025-08-01 10:30:00,2025-08-01 10:30:00,pi_test_100002
Bob,Williams,bob.w4@example.com,"321 Pine Rd","98765","Houston",False,2025-08-01 11:45:00,2025-08-01 11:45:00,
Carol,Brown,carol.b5@example.com,"654 Cedar Ln","13579","Phoenix",True,2025-08-01 13:00:00,2025-08-01 13:00:00,pi_test_100003
David,Wilson,david.w6@example.com,"987 Birch St","24680","Miami",False,2025-08-01 14:15:00,2025-08-01 14:15:00,
Emma,Moore,emma.m7@example.com,"147 Maple Dr","97531","Seattle",True,2025-08-01 15:30:00,2025-08-01 15:30:00,pi_test_100004
Frank,Taylor,frank.t8@example.com,"258 Willow Ct","86420","Denver",False,2025-08-01 16:45:00,2025-08-01 16:45:00,
Grace,Martin,grace.m9@example.com,"369 Spruce Way","75319","Boston",True,2025-08-01 18:00:00,2025-08-01 18:00:00,pi_test_100005
Henry,Lee,henry.l10@example.com,"741 Oakwood Blvd","64208","Austin",False,2025-08-01 19:15:00,2025-08-01 19:15:00,
Isabella,Clark,isabella.c11@example.com,"852 Elmwood Ave","53197","Portland",True,2025-08-02 08:00:00,2025-08-02 08:00:00,pi_test_100006
James,Walker,james.w12@example.com,"963 Pinecrest Dr","42086","San Francisco",False,2025-08-02 09:15:00,2025-08-02 09:15:00,
Kelly,Hall,kelly.h13@example.com,"159 Cedarstone Rd","31975","Dallas",True,2025-08-02 10:30:00,2025-08-02 10:30:00,pi_test_100007
Liam,Allen,liam.a14@example.com,"267 Birchwood Ln","20864","Atlanta",False,2025-08-02 11:45:00,2025-08-02 11:45:00,
Mia,Lewis,mia.l15@example.com,"378 Maplewood Ct","19753","San Diego",True,2025-08-02 13:00:00,2025-08-02 13:00:00,pi_test_100008
Noah,Hill,noah.h16@example.com,"489 Willowstone St","08642","Philadelphia",False,2025-08-02 14:15:00,2025-08-02 14:15:00,
Olivia,Green,olivia.g17@example.com,"591 Oakstone Dr","97531","Las Vegas",True,2025-08-02 15:30:00,2025-08-02 15:30:00,pi_test_100009
Peter,King,peter.k18@example.com,"602 Elmstone Way","86420","Orlando",False,2025-08-02 16:45:00,2025-08-02 16:45:00,
Quinn,Scott,quinn.s19@example.com,"713 Cedarcrest Ave","75319","Charlotte",True,2025-08-02 18:00:00,2025-08-02 18:00:00,pi_test_100010
Rachel,Baker,rachel.b20@example.com,"824 Pinewood Blvd","64208","Minneapolis",False,2025-08-02 19:15:00,2025-08-02 19:15:00,
Steven,Adams,steven.a21@example.com,"935 Maple St","53197","Columbus",True,2025-08-03 08:00:00,2025-08-03 08:00:00,pi_test_100011
Tara,Young,tara.y22@example.com,"146 Oak Ave","42086","Nashville",False,2025-08-03 09:15:00,2025-08-03 09:15:00,
Umar,Patel,umar.p23@example.com,"257 Pine Rd","31975","Raleigh",True,2025-08-03 10:30:00,2025-08-03 10:30:00,pi_test_100012
Vera,Turner,vera.t24@example.com,"368 Cedar Ln","20864","Memphis",False,2025-08-03 11:45:00,2025-08-03 11:45:00,
William,Nguyen,william.n25@example.com,"479 Birch Dr","19753","Tampa",True,2025-08-03 13:00:00,2025-08-03 13:00:00,pi_test_100013
Xena,White,xena.w26@example.com,"580 Willow Ct","08642","Sacramento",False,2025-08-03 14:15:00,2025-08-03 14:15:00,
Yara,Mitchell,yara.m27@example.com,"691 Spruce Way","97531","Albuquerque",True,2025-08-03 15:30:00,2025-08-03 15:30:00,pi_test_100014
Zachary,Lopez,zachary.l28@example.com,"802 Oakwood Blvd","86420","Tucson",False,2025-08-03 16:45:00,2025-08-03 16:45:00,
Amelia,Garcia,amelia.g29@example.com,"913 Elmwood Ave","75319","Omaha",True,2025-08-03 18:00:00,2025-08-03 18:00:00,pi_test_100015
Benjamin,Hernandez,benjamin.h30@example.com,"124 Pinecrest Dr","64208","Louisville",False,2025-08-03 19:15:00,2025-08-03 19:15:00,
Chloe,Martinez,chloe.m31@example.com,"235 Cedarstone Rd","53197","Milwaukee",True,2025-08-04 08:00:00,2025-08-04 08:00:00,pi_test_100016
Daniel,Gonzalez,daniel.g32@example.com,"346 Birchwood Ln","42086","Fresno",False,2025-08-04 09:15:00,2025-08-04 09:15:00,
Evelyn,Rodriguez,evelyn.r33@example.com,"457 Maplewood Ct","31975","Long Beach",True,2025-08-04 10:30:00,2025-08-04 10:30:00,pi_test_100017
Finn,Perez,finn.p34@example.com,"568 Willowstone St","20864","Mesa",False,2025-08-04 11:45:00,2025-08-04 11:45:00,
Gabriella,Sanchez,gabriella.s35@example.com,"679 Oakstone Dr","19753","Virginia Beach",True,2025-08-04 13:00:00,2025-08-04 13:00:00,pi_test_100018
Harper,Cruz,harper.c36@example.com,"780 Elmstone Way","08642","Cleveland",False,2025-08-04 14:15:00,2025-08-04 14:15:00,
Isaac,Ramirez,isaac.r37@example.com,"891 Cedarcrest Ave","97531","Kansas City",True,2025-08-04 15:30:00,2025-08-04 15:30:00,pi_test_100019
Jasmine,Torres,jasmine.t38@example.com,"902 Pinewood Blvd","86420","Arlington",False,2025-08-04 16:45:00,2025-08-04 16:45:00,
Kaden,Morales,kaden.m39@example.com,"113 Maple St","75319","Bakersfield",True,2025-08-04 18:00:00,2025-08-04 18:00:00,pi_test_100020
Lila,Flores,lila.f40@example.com,"224 Oak Ave","64208","Honolulu",False,2025-08-04 19:15:00,2025-08-04 19:15:00,
Mason,Gutierrez,mason.g41@example.com,"335 Pine Rd","53197","Boise",True,2025-08-05 08:00:00,2025-08-05 08:00:00,pi_test_100021
Nora,Reyes,nora.r42@example.com,"446 Cedar Ln","42086","Anchorage",False,2025-08-05 09:15:00,2025-08-05 09:15:00,
Owen,Vargas,owen.v43@example.com,"557 Birch Dr","31975","Des Moines",True,2025-08-05 10:30:00,2025-08-05 10:30:00,pi_test_100022
Penelope,Gomez,penelope.g44@example.com,"668 Willow Ct","20864","Lincoln",False,2025-08-05 11:45:00,2025-08-05 11:45:00,
Quentin,Ortiz,quentin.o45@example.com,"779 Spruce Way","19753","Burlington",True,2025-08-05 13:00:00,2025-08-05 13:00:00,pi_test_100023
Ruby,Mendoza,ruby.m46@example.com,"880 Oakwood Blvd","08642","Cheyenne",False,2025-08-05 14:15:00,2025-08-05 14:15:00,
Santiago,Diaz,santiago.d47@example.com,"991 Elmwood Ave","97531","Fargo",True,2025-08-05 15:30:00,2025-08-05 15:30:00,pi_test_100024
Tessa,Chavez,tessa.c48@example.com,"102 Pinecrest Dr","86420","Sioux Falls",False,2025-08-05 16:45:00,2025-08-05 16:45:00,
Uriel,Rios,uriel.r49@example.com,"213 Cedarstone Rd","75319","Billings",True,2025-08-05 18:00:00,2025-08-05 18:00:00,pi_test_100025
Violet,Figueroa,violet.f50@example.com,"324 Birchwood Ln","64208","Manchester",False,2025-08-05 19:15:00,2025-08-05 19:15:00,
Wyatt,Castro,wyatt.c51@example.com,"435 Maplewood Ct","53197","Providence",True,2025-08-06 08:00:00,2025-08-06 08:00:00,pi_test_100026
Xander,Alvarado,xander.a52@example.com,"546 Willowstone St","42086","Charleston",False,2025-08-06 09:15:00,2025-08-06 09:15:00,
Yasmin,Munoz,yasmin.m53@example.com,"657 Oakstone Dr","31975","Jackson",True,2025-08-06 10:30:00,2025-08-06 10:30:00,pi_test_100027
Zoe,Valdez,zoe.v54@example.com,"768 Elmstone Way","20864","Little Rock",False,2025-08-06 11:45:00,2025-08-06 11:45:00,
Aiden,Soto,aiden.s55@example.com,"879 Cedarcrest Ave","19753","Dover",True,2025-08-06 13:00:00,2025-08-06 13:00:00,pi_test_100028
Bella,Fernandez,bella.f56@example.com,"980 Pinewood Blvd","08642","Augusta",False,2025-08-06 14:15:00,2025-08-06 14:15:00,
Caleb,Ruiz,caleb.r57@example.com,"191 Maple St","97531","Montpelier",True,2025-08-06 15:30:00,2025-08-06 15:30:00,pi_test_100029
Delilah,Herrera,delilah.h58@example.com,"302 Oak Ave","86420","Olympia",False,2025-08-06 16:45:00,2025-08-06 16:45:00,
Elias,Montes,elias.m59@example.com,"413 Pine Rd","75319","Salem",True,2025-08-06 18:00:00,2025-08-06 18:00:00,pi_test_100030
Fiona,Jimenez,fiona.j60@example.com,"524 Cedar Ln","64208","Frankfort",False,2025-08-06 19:15:00,2025-08-06 19:15:00,
Gideon,Salazar,gideon.s61@example.com,"635 Birch Dr","53197","Lansing",True,2025-08-07 08:00:00,2025-08-07 08:00:00,pi_test_100031
Hazel,Romero,hazel.r62@example.com,"746 Willow Ct","42086","Madison",False,2025-08-07 09:15:00,2025-08-07 09:15:00,
Ian,Campos,ian.c63@example.com,"857 Spruce Way","31975","Springfield",True,2025-08-07 10:30:00,2025-08-07 10:30:00,pi_test_100032
Jocelyn,Guerrero,jocelyn.g64@example.com,"968 Oakwood Blvd","20864","Phoenix",False,2025-08-07 11:45:00,2025-08-07 11:45:00,
Kieran,Aguilar,kieran.a65@example.com,"179 Elmwood Ave","19753","Albany",True,2025-08-07 13:00:00,2025-08-07 13:00:00,pi_test_100033
Lena,Medina,lena.m66@example.com,"280 Pinecrest Dr","08642","Richmond",False,2025-08-07 14:15:00,2025-08-07 14:15:00,
Miles,Vega,miles.v67@example.com,"391 Cedarstone Rd","97531","Trenton",True,2025-08-07 15:30:00,2025-08-07 15:30:00,pi_test_100034
Nadia,Delgado,nadia.d68@example.com,"502 Birchwood Ln","86420","Harrisburg",False,2025-08-07 16:45:00,2025-08-07 16:45:00,
Oliver,Barajas,oliver.b69@example.com,"613 Maplewood Ct","75319","Austin",True,2025-08-07 18:00:00,2025-08-07 18:00:00,pi_test_100035
Piper,Estrada,piper.e70@example.com,"724 Willowstone St","64208","Topeka",False,2025-08-07 19:15:00,2025-08-07 19:15:00,
Quincy,Luna,quincy.l71@example.com,"835 Oakstone Dr","53197","Lincoln",True,2025-08-08 08:00:00,2025-08-08 08:00:00,pi_test_100036
Rose,Montoya,rose.m72@example.com,"946 Elmstone Way","42086","Bismarck",False,2025-08-08 09:15:00,2025-08-08 09:15:00,
Silas,Pena,silas.p73@example.com,"157 Cedarcrest Ave","31975","Helena",True,2025-08-08 10:30:00,2025-08-08 10:30:00,pi_test_100037
Talia,Olivas,talia.o74@example.com,"268 Pinewood Blvd","20864","Salem",False,2025-08-08 11:45:00,2025-08-08 11:45:00,
Ulysses,Avila,ulysses.a75@example.com,"379 Maple St","19753","Annapolis",True,2025-08-08 13:00:00,2025-08-08 13:00:00,pi_test_100038
Valeria,Cervantes,valeria.c76@example.com,"490 Oak Ave","08642","Tallahassee",False,2025-08-08 14:15:00,2025-08-08 14:15:00,
Wesley,Maldonado,wesley.m77@example.com,"601 Pine Rd","97531","Sacramento",True,2025-08-08 15:30:00,2025-08-08 15:30:00,pi_test_100039
Ximena,Calderon,ximena.c78@example.com,"712 Cedar Ln","86420","Oklahoma City",False,2025-08-08 16:45:00,2025-08-08 16:45:00,
Yahir,Navarro,yahir.n79@example.com,"823 Birch Dr","75319","Boise",True,2025-08-08 18:00:00,2025-08-08 18:00:00,pi_test_100040
Zara,Orozco,zara.o80@example.com,"934 Willow Ct","64208","Providence",False,2025-08-08 19:15:00,2025-08-08 19:15:00,
Aria,Bautista,aria.b81@example.com,"145 Spruce Way","53197","Charleston",True,2025-08-09 08:00:00,2025-08-09 08:00:00,pi_test_100041
Beckett,Cisneros,beckett.c82@example.com,"256 Oakwood Blvd","42086","Jackson",False,2025-08-09 09:15:00,2025-08-09 09:15:00,
Clara,Espinoza,clara.e83@example.com,"367 Elmwood Ave","31975","Little Rock",True,2025-08-09 10:30:00,2025-08-09 10:30:00,pi_test_100042
Damian,Robles,damian.r84@example.com,"478 Pinecrest Dr","20864","Dover",False,2025-08-09 11:45:00,2025-08-09 11:45:00,
Elise,Santana,elise.s85@example.com,"589 Cedarstone Rd","19753","Augusta",True,2025-08-09 13:00:00,2025-08-09 13:00:00,pi_test_100043
Felix,Valencia,felix.v86@example.com,"690 Birchwood Ln","08642","Montpelier",False,2025-08-09 14:15:00,2025-08-09 14:15:00,
Giselle,Mercado,giselle.m87@example.com,"801 Maplewood Ct","97531","Olympia",True,2025-08-09 15:30:00,2025-08-09 15:30:00,pi_test_100044
Hudson,Corona,hudson.c88@example.com,"912 Willowstone St","86420","Salem",False,2025-08-09 16:45:00,2025-08-09 16:45:00,
Iris,Serrano,iris.s89@example.com,"123 Oakstone Dr","75319","Frankfort",True,2025-08-09 18:00:00,2025-08-09 18:00:00,pi_test_100045
Jasper,Tovar,jasper.t90@example.com,"234 Elmstone Way","64208","Lansing",False,2025-08-09 19:15:00,2025-08-09 19:15:00,
Kaitlyn,Vasquez,kaitlyn.v91@example.com,"345 Cedarcrest Ave","53197","Madison",True,2025-08-10 08:00:00,2025-08-10 08:00:00,pi_test_100046
Levi,Cardenas,levi.c92@example.com,"456 Pinewood Blvd","42086","Springfield",False,2025-08-10 09:15:00,2025-08-10 09:15:00,
Mila,Benitez,mila.b93@example.com,"567 Maple St","31975","Phoenix",True,2025-08-10 10:30:00,2025-08-10 10:30:00,pi_test_100047
Nico,Salinas,nico.s94@example.com,"678 Oak Ave","20864","Albany",False,2025-08-10 11:45:00,2025-08-10 11:45:00,
Ophelia,Parra,ophelia.p95@example.com,"789 Pine Rd","19753","Richmond",True,2025-08-10 13:00:00,2025-08-10 13:00:00,pi_test_100048
Pablo,Galvan,pablo.g96@example.com,"890 Cedar Ln","08642","Trenton",False,2025-08-10 14:15:00,2025-08-10 14:15:00,
Quinn,Esquivel,quinn.e97@example.com,"901 Birch Dr","97531","Harrisburg",True,2025-08-10 15:30:00,2025-08-10 15:30:00,pi_test_100049
Rhea,Lozano,rhea.l98@example.com,"112 Willow Ct","86420","Austin",False,2025-08-10 16:45:00,2025-08-10 16:45:00,
Soren,Murillo,soren.m99@example.com,"223 Spruce Way","75319","Topeka",True,2025-08-10 18:00:00,2025-08-10 18:00:00,pi_test_100050
Tatum,Olvera,tatum.o100@example.com,"334 Oakwood Blvd","64208","Lincoln",False,2025-08-10 19:15:00,2025-08-10 19:15:00,